project_id,region,warehouse_size_sqft,num_htm,num_vtm,total_robots,team_size,complexity_category,risk_category,estimated_duration_days,actual_duration_days,estimated_cost_kusd,actual_cost_kusd,uses_vos,uses_cad,uses_tower,commissioning_days,schedule_variance_days,cost_variance_kusd
PRJ0001,North America,69057,22,14,36,21,Low,Medium,66.1,73.8,686.91,810.29,True,False,True,3.6,7.6,123.39
PRJ0002,Latin America,447865,172,53,225,35,High,High,130.3,152.1,2003.74,2295.74,True,False,True,21.4,21.8,291.99
PRJ0003,Asia Pacific,369310,143,55,198,36,High,Low,81.3,65.9,1221.54,1536.7,False,True,False,19.3,-15.4,315.16
PRJ0004,Europe,127907,44,13,57,22,Low,Medium,69.3,85.7,797.79,755.87,True,False,False,6.1,16.4,-41.92
PRJ0005,Europe,91274,26,10,36,24,Low,Low,57.9,30.5,551.3,583.46,False,False,False,6.5,-27.4,32.15
PRJ0006,Latin America,132589,43,28,71,21,Low,Medium,92.3,91.0,868.26,918.67,False,True,False,11.3,-1.2,50.41
PRJ0007,North America,491012,130,115,245,40,High,Low,82.2,110.3,1419.28,1587.57,False,True,False,28.7,28.1,168.29
PRJ0008,Asia Pacific,256352,66,22,88,19,Medium,Medium,86.9,92.0,965.64,983.9,False,True,False,10.0,5.1,18.26
PRJ0009,North America,402836,164,92,256,44,High,Medium,103.3,104.6,1820.28,1831.34,True,True,True,24.1,1.3,11.06
PRJ0010,North America,336383,91,62,153,28,Medium,Medium,99.0,99.9,1298.64,1426.28,True,True,False,11.6,0.9,127.64
PRJ0011,Asia Pacific,307585,62,57,119,25,Medium,Low,73.0,93.5,900.61,926.88,False,True,False,13.9,20.6,26.27
PRJ0012,Latin America,115308,41,25,66,21,Low,High,93.3,78.5,1009.84,1062.34,True,False,True,8.4,-14.8,52.5
PRJ0013,Asia Pacific,475711,219,83,302,40,High,Low,98.9,129.0,1646.06,1755.06,False,True,False,34.8,30.1,109.01
PRJ0014,Latin America,185604,67,41,108,26,Medium,Low,66.0,72.5,846.85,807.98,True,True,False,9.4,6.6,-38.87
PRJ0015,Asia Pacific,310107,76,31,107,28,Medium,Medium,97.0,95.2,1066.01,1190.21,False,True,False,15.8,-1.8,124.2
PRJ0016,Latin America,364899,123,118,241,39,High,Low,72.0,80.8,1393.19,1555.1,True,True,False,21.1,8.9,161.91
PRJ0017,Asia Pacific,342154,130,61,191,29,Medium,Medium,108.3,111.0,1489.22,1676.23,True,True,True,15.6,2.7,187.01
PRJ0018,North America,473267,182,123,305,45,High,Medium,118.8,146.3,2072.33,2479.47,True,True,True,30.9,27.5,407.15
PRJ0019,Latin America,116797,56,14,70,24,Low,Low,64.0,75.9,689.34,762.31,False,True,True,12.3,11.8,72.97
PRJ0020,Europe,278758,78,36,114,20,Medium,High,97.4,89.7,1317.45,1460.91,False,True,False,15.4,-7.7,143.46
PRJ0021,Asia Pacific,231815,67,57,124,24,Medium,Low,64.7,69.3,914.55,892.92,True,False,False,14.3,4.6,-21.63
PRJ0022,Europe,263375,69,42,111,28,Medium,Medium,88.0,88.5,1081.34,1043.17,False,True,True,8.7,0.4,-38.17
PRJ0023,North America,103647,29,14,43,20,Low,Low,56.4,72.9,580.29,774.03,False,True,False,3.3,16.5,193.74
PRJ0024,Latin America,110342,21,18,39,20,Low,High,87.0,77.1,847.24,790.98,False,True,True,6.2,-9.9,-56.27
PRJ0025,Latin America,175133,64,52,116,32,Medium,Low,70.1,93.2,878.01,844.16,False,False,True,14.9,23.1,-33.85
PRJ0026,Asia Pacific,187117,48,19,67,23,Low,Low,54.3,60.1,682.97,740.46,False,False,False,9.5,5.8,57.49
PRJ0027,Europe,242556,64,35,99,26,Medium,Low,72.5,69.1,815.4,888.96,True,True,False,10.0,-3.4,73.55
PRJ0028,Latin America,324944,122,64,186,41,Medium,High,116.6,122.2,1754.99,1788.46,True,False,False,20.8,5.6,33.47
PRJ0029,Asia Pacific,335583,77,49,126,26,Medium,High,110.7,113.8,1396.27,1477.32,False,True,False,17.5,3.1,81.05
PRJ0030,Europe,235314,59,25,84,21,Medium,Medium,74.3,69.3,943.53,1143.62,True,False,False,10.7,-5.0,200.09
PRJ0031,Europe,233952,91,33,124,28,Medium,High,106.8,116.4,1372.07,1378.12,False,True,True,16.9,9.6,6.04
PRJ0032,North America,147932,27,24,51,21,Low,High,71.9,64.4,923.75,832.44,False,False,True,9.1,-7.5,-91.31
PRJ0033,North America,314737,76,68,144,27,Medium,Medium,97.2,86.5,1251.47,1456.69,False,True,False,17.2,-10.7,205.22
PRJ0034,Asia Pacific,192668,44,36,80,19,Low,Low,56.7,59.5,735.41,850.57,False,True,False,13.1,2.8,115.15
PRJ0035,Latin America,66226,12,10,22,24,Low,Medium,66.7,50.8,616.62,575.88,False,False,False,5.2,-15.9,-40.74
PRJ0036,North America,238280,67,49,116,27,Medium,Medium,85.0,86.1,1103.83,1031.33,False,True,False,20.2,1.1,-72.5
PRJ0037,Latin America,263359,55,41,96,22,Medium,Low,74.5,74.0,805.07,817.44,False,False,False,15.4,-0.4,12.37
PRJ0038,Latin America,151516,44,32,76,25,Low,Low,60.4,57.1,716.12,765.71,True,True,False,8.4,-3.2,49.59
PRJ0039,Europe,307606,75,38,113,25,Medium,Medium,86.3,116.5,1095.76,1313.97,True,True,False,12.4,30.2,218.21
PRJ0040,Asia Pacific,304597,84,42,126,26,Medium,Low,70.6,81.5,928.37,928.82,True,False,True,17.4,11.0,0.45
PRJ0041,North America,365900,146,54,200,36,High,High,130.5,146.6,1843.91,1972.45,True,True,True,20.6,16.2,128.54
PRJ0042,Latin America,341576,98,63,161,27,Medium,Low,79.8,74.1,1071.33,1260.42,True,False,True,13.9,-5.6,189.09
PRJ0043,Asia Pacific,343594,124,49,173,33,Medium,Low,76.2,82.1,1119.49,1006.37,True,True,True,19.1,6.0,-113.12
PRJ0044,Europe,192296,86,32,118,32,Medium,Medium,81.1,90.8,1109.23,1287.77,False,False,False,16.1,9.7,178.54
PRJ0045,North America,404344,163,98,261,42,High,Low,79.2,85.0,1476.35,1519.3,False,True,False,29.3,5.9,42.96
PRJ0046,Latin America,297114,100,47,147,28,Medium,Low,75.7,95.5,1011.77,1152.43,True,True,False,12.1,19.8,140.66
PRJ0047,Europe,244138,117,42,159,29,Medium,Medium,78.7,76.5,1319.41,1441.76,False,True,False,20.0,-2.3,122.35
PRJ0048,Latin America,331705,105,84,189,32,Medium,High,122.8,132.5,1773.8,2008.34,True,True,True,16.6,9.7,234.54
PRJ0049,Asia Pacific,212295,45,37,82,22,Medium,Low,65.7,66.9,744.98,871.21,False,True,False,11.4,1.3,126.22
PRJ0050,Latin America,280732,82,27,109,24,Medium,Low,82.1,93.1,858.46,714.93,True,True,False,10.3,11.1,-143.53
PRJ0051,Latin America,381517,117,29,146,32,Medium,Medium,91.6,98.0,1268.15,1317.17,False,False,True,22.5,6.3,49.02
PRJ0052,North America,448881,159,68,227,32,High,High,130.1,143.8,2015.87,2193.25,False,True,False,29.7,13.6,177.38
PRJ0053,Europe,464475,92,71,163,33,High,Medium,116.3,129.1,1361.45,1493.55,False,True,False,19.4,12.8,132.1
PRJ0054,Europe,276634,64,51,115,25,Medium,Low,76.4,78.6,882.13,1024.58,False,False,False,16.6,2.1,142.45
PRJ0055,Europe,284123,128,40,168,32,Medium,Low,70.9,86.7,1094.73,1283.16,False,True,False,19.1,15.8,188.43
PRJ0056,North America,409941,136,102,238,35,High,Low,86.7,104.8,1384.8,1602.54,True,True,False,26.0,18.1,217.75
PRJ0057,Asia Pacific,191502,58,17,75,26,Low,Low,63.5,69.0,715.32,758.31,False,False,False,11.8,5.6,42.99
PRJ0058,North America,426822,166,76,242,42,High,Medium,110.3,122.2,1752.68,1729.99,True,True,True,22.4,11.9,-22.69
PRJ0059,Asia Pacific,272363,61,59,120,29,Medium,Low,67.4,84.9,901.79,951.13,False,True,False,17.0,17.5,49.34
PRJ0060,Asia Pacific,102135,26,8,34,13,Low,Medium,69.3,70.3,680.21,754.73,False,False,False,7.3,0.9,74.52
PRJ0061,Latin America,82426,41,13,54,22,Low,Medium,60.3,60.6,778.24,702.25,False,False,True,9.3,0.2,-75.99
PRJ0062,Asia Pacific,428896,190,91,281,44,High,Medium,112.4,130.7,1947.89,2183.03,True,True,False,24.9,18.2,235.14
PRJ0063,Europe,75005,16,9,25,12,Low,Low,56.0,75.3,506.0,621.0,True,False,False,5.9,19.4,115.0
PRJ0064,Latin America,176275,39,35,74,22,Low,Medium,76.8,69.4,887.63,960.83,True,False,False,13.3,-7.4,73.2
PRJ0065,Europe,200358,60,58,118,27,Medium,Medium,73.4,88.8,1110.04,880.76,False,True,True,15.2,15.4,-229.28
PRJ0066,Europe,127847,35,9,44,21,Low,Medium,78.4,63.6,732.78,646.49,False,False,False,12.3,-14.8,-86.29
PRJ0067,Latin America,191252,51,16,67,22,Low,Low,64.7,73.1,683.3,934.31,False,False,True,9.0,8.4,251.01
PRJ0068,Europe,384211,94,72,166,32,High,Low,76.4,105.5,1094.74,1173.13,True,True,True,16.1,29.1,78.4
PRJ0069,North America,56607,17,6,23,21,Low,High,76.9,83.7,744.79,565.62,False,False,True,4.4,6.8,-179.17
PRJ0070,Europe,422228,119,102,221,40,High,Low,78.2,95.4,1317.78,1596.99,True,True,False,21.6,17.3,279.21
PRJ0071,Latin America,435446,166,110,276,33,High,Low,84.4,96.1,1538.84,1712.53,True,True,False,29.1,11.6,173.69
PRJ0072,North America,217517,69,21,90,23,Medium,Low,63.3,71.0,777.4,962.24,False,True,False,12.2,7.7,184.84
PRJ0073,Europe,119125,34,27,61,20,Low,Medium,80.4,82.3,816.91,888.2,True,True,False,3.3,1.8,71.29
PRJ0074,North America,320378,96,32,128,22,Medium,High,106.4,109.4,1406.45,1560.69,True,False,False,12.2,3.0,154.24
PRJ0075,Asia Pacific,103852,25,12,37,18,Low,Low,59.2,59.7,556.31,626.64,False,True,False,3.9,0.5,70.33
PRJ0076,Europe,214213,89,51,140,32,Medium,High,99.0,109.6,1465.71,1621.28,False,False,False,20.0,10.6,155.57
PRJ0077,Europe,481293,131,70,201,31,High,Low,88.8,97.6,1242.5,1635.21,False,True,False,27.2,8.8,392.71
PRJ0078,North America,497959,160,109,269,42,High,Medium,114.8,125.4,1894.8,2177.55,True,True,True,28.6,10.5,282.76
PRJ0079,Asia Pacific,397447,86,55,141,26,Medium,Medium,104.3,103.7,1244.74,1216.81,False,True,False,13.3,-0.6,-27.94
PRJ0080,Asia Pacific,189932,51,50,101,23,Medium,Low,62.3,73.3,819.19,934.28,False,True,False,15.9,10.9,115.09
PRJ0081,Latin America,359449,75,73,148,34,Medium,Low,69.9,87.6,1020.76,1257.59,True,True,False,16.7,17.7,236.83
PRJ0082,Europe,367432,102,55,157,29,Medium,Low,71.8,86.8,1057.39,1304.48,True,False,False,14.6,15.0,247.08
PRJ0083,North America,224528,83,24,107,27,Medium,High,97.0,114.7,1268.94,1306.49,False,False,False,15.1,17.7,37.55
PRJ0084,Latin America,338399,78,56,134,22,Medium,Medium,86.8,99.1,1203.84,1434.53,False,True,False,18.6,12.3,230.69
PRJ0085,Asia Pacific,54827,11,10,21,22,Low,High,81.6,87.3,732.58,843.68,False,False,False,8.2,5.8,111.1
PRJ0086,Asia Pacific,144075,43,18,61,22,Low,Medium,72.1,80.1,819.41,1126.25,False,True,False,6.5,8.0,306.84
PRJ0087,North America,286289,72,36,108,25,Medium,Low,82.3,90.9,854.9,875.19,False,False,False,17.0,8.6,20.29
PRJ0088,Europe,123688,28,13,41,20,Low,Medium,61.5,60.2,717.37,706.41,False,False,True,3.8,-1.3,-10.96
PRJ0089,Latin America,124658,46,12,58,16,Low,Low,59.6,86.1,641.97,655.55,False,True,False,8.4,26.6,13.57
PRJ0090,Latin America,426336,112,75,187,37,High,Low,78.2,88.5,1182.11,1281.41,True,True,True,20.0,10.3,99.3
PRJ0091,Europe,495109,227,99,326,46,High,Medium,116.7,130.0,2179.51,2289.47,True,True,False,32.6,13.2,109.96
PRJ0092,Latin America,300186,63,48,111,25,Medium,Medium,90.7,104.9,1085.02,908.12,True,True,False,10.1,14.3,-176.9
PRJ0093,Latin America,427581,103,84,187,32,High,Low,72.5,89.9,1182.21,1287.36,True,False,True,21.5,17.4,105.16
PRJ0094,Europe,495644,130,104,234,36,High,Medium,114.4,118.0,1719.56,1933.01,False,True,True,27.3,3.6,213.45
PRJ0095,Latin America,113718,47,22,69,23,Low,Medium,84.7,100.3,856.37,851.31,False,False,False,14.5,15.7,-5.07
PRJ0096,Europe,251710,62,26,88,24,Medium,High,98.3,105.5,1158.21,1433.82,False,True,True,12.5,7.3,275.61
PRJ0097,North America,226657,63,45,108,27,Medium,Medium,85.8,82.8,1062.67,1144.97,True,True,False,13.0,-3.0,82.3
PRJ0098,Asia Pacific,86022,20,14,34,18,Low,Low,59.9,74.7,542.88,701.0,False,True,False,7.9,14.8,158.12
PRJ0099,Asia Pacific,389898,148,78,226,39,High,Low,83.0,104.2,1335.19,1510.48,False,True,True,25.1,21.2,175.28
PRJ0100,North America,245200,45,38,83,22,Medium,Low,64.2,59.5,751.62,913.54,False,True,True,10.5,-4.7,161.92
PRJ0101,Latin America,261197,112,35,147,36,Medium,Medium,76.0,103.7,1261.12,1387.88,True,True,False,14.2,27.7,126.76
PRJ0102,North America,117802,35,30,65,16,Low,High,92.5,103.6,1004.14,1185.27,False,False,False,9.1,11.0,181.13
PRJ0103,Latin America,131416,37,10,47,23,Low,Low,57.8,62.0,598.51,647.22,False,True,True,4.8,4.2,48.7
PRJ0104,North America,458196,120,39,159,35,High,Low,78.9,109.7,1072.66,1271.38,True,True,False,15.3,30.8,198.72
PRJ0105,Latin America,70092,25,13,38,16,Low,Low,54.9,59.1,557.61,620.41,False,False,False,9.3,4.2,62.8
PRJ0106,Latin America,154783,55,15,70,28,Low,Medium,72.8,78.0,865.48,891.02,False,True,False,12.9,5.2,25.54
PRJ0107,Latin America,181426,55,14,69,24,Low,Medium,75.0,74.4,863.14,964.17,False,False,False,11.8,-0.6,101.02
PRJ0108,Asia Pacific,270588,77,19,96,27,Medium,Low,72.2,86.8,805.65,1117.66,False,True,False,14.6,14.7,312.01
PRJ0109,Europe,313900,102,49,151,30,Medium,Low,68.6,84.6,1029.11,1114.55,True,False,False,19.3,16.0,85.44
PRJ0110,Asia Pacific,271980,68,51,119,26,Medium,Medium,94.6,104.3,1122.2,1258.7,False,True,False,14.4,9.6,136.5
PRJ0111,Europe,87851,27,6,33,17,Low,Low,48.3,43.3,539.03,694.01,False,False,False,9.5,-5.0,154.98
PRJ0112,Latin America,159650,37,24,61,22,Low,Medium,72.0,78.7,820.97,988.32,False,False,False,10.6,6.6,167.35
PRJ0113,Asia Pacific,429614,89,71,160,35,High,Low,91.4,105.0,1074.37,1218.03,True,False,True,19.6,13.6,143.66
PRJ0114,Europe,336914,108,35,143,29,Medium,Low,81.3,79.5,998.95,876.66,False,True,False,18.6,-1.7,-122.3
PRJ0115,Asia Pacific,342117,156,50,206,32,High,High,120.5,119.1,1877.05,2061.48,False,True,True,20.2,-1.4,184.42
PRJ0116,Asia Pacific,351591,67,56,123,29,Medium,Low,71.0,88.1,920.13,812.84,True,True,False,12.6,17.1,-107.29
PRJ0117,North America,393306,78,62,140,31,Medium,Low,76.4,63.3,991.46,1267.31,True,True,True,16.3,-13.1,275.85
PRJ0118,North America,76148,18,10,28,19,Low,Low,54.4,59.0,518.09,560.21,True,True,True,3.0,4.6,42.11
PRJ0119,North America,214973,73,57,130,30,Medium,Low,68.2,71.8,937.2,1120.72,False,True,False,16.9,3.6,183.52
PRJ0120,North America,292787,126,36,162,30,Medium,Low,74.0,98.1,1071.42,1091.31,True,True,False,17.3,24.1,19.89
PRJ0121,Europe,202305,53,24,77,19,Medium,Low,64.1,65.9,724.18,636.44,False,False,False,10.6,1.8,-87.75
PRJ0122,Asia Pacific,430015,163,117,280,40,High,Low,88.3,112.1,1554.4,1752.51,True,True,True,28.0,23.8,198.11
PRJ0123,Asia Pacific,267157,65,24,89,18,Medium,Low,61.7,66.4,777.37,860.04,False,True,False,9.1,4.6,82.67
PRJ0124,Europe,395882,110,81,191,34,High,Medium,99.5,114.8,1494.59,1587.42,False,True,False,20.8,15.3,92.84
PRJ0125,Latin America,433406,109,59,168,31,High,Medium,109.1,131.0,1383.34,1537.17,True,False,False,21.0,21.9,153.83
PRJ0126,Asia Pacific,277156,56,41,97,23,Medium,Low,63.1,67.5,810.17,1177.31,False,True,False,13.4,4.4,367.14
PRJ0127,North America,459298,145,74,219,28,High,Low,86.5,112.8,1312.74,1560.3,False,True,False,24.3,26.4,247.55
PRJ0128,Latin America,314205,109,49,158,27,Medium,Medium,89.4,90.9,1321.42,1540.64,False,True,False,19.7,1.5,219.22
PRJ0129,Asia Pacific,432623,132,47,179,36,High,High,126.0,143.8,1725.91,1958.18,True,True,False,17.8,17.7,232.27
PRJ0130,Asia Pacific,203265,63,22,85,21,Medium,High,94.3,110.5,1134.39,1352.04,False,False,False,13.5,16.2,217.64
PRJ0131,Asia Pacific,274467,75,54,129,28,Medium,Low,78.5,94.9,937.96,1016.55,True,True,False,14.2,16.4,78.6
PRJ0132,Asia Pacific,289134,92,28,120,22,Medium,Low,74.2,103.2,903.13,796.57,False,False,False,15.5,29.1,-106.56
PRJ0133,North America,97240,26,7,33,22,Low,Low,49.3,44.8,539.78,552.38,False,True,True,5.4,-4.5,12.6
PRJ0134,Asia Pacific,229348,78,26,104,24,Medium,Low,70.6,64.8,834.35,996.15,False,False,False,14.8,-5.7,161.8
PRJ0135,Latin America,462801,193,64,257,41,High,Medium,107.6,115.1,1831.28,1908.57,True,True,False,22.5,7.5,77.29
PRJ0136,Europe,333874,90,71,161,38,Medium,Low,74.0,92.5,1070.71,1172.8,True,True,False,14.3,18.6,102.09
PRJ0137,Asia Pacific,129877,43,19,62,25,Low,Low,60.6,70.3,658.39,635.63,False,False,False,14.3,9.6,-22.76
PRJ0138,North America,202485,60,59,119,25,Medium,Low,64.3,73.1,892.2,1120.26,False,True,False,15.7,8.8,228.06
PRJ0139,Europe,136221,60,18,78,21,Low,Medium,80.9,74.9,903.62,1030.44,False,False,True,9.2,-6.0,126.82
PRJ0140,Europe,61170,15,9,24,16,Low,Low,49.2,59.0,500.89,586.63,False,False,True,3.3,9.7,85.74
PRJ0141,Latin America,467357,155,77,232,39,High,Medium,107.1,111.7,1706.74,1938.12,True,True,True,22.0,4.7,231.39
PRJ0142,North America,251693,58,27,85,23,Medium,Low,64.4,84.1,760.14,837.74,True,True,False,11.6,19.7,77.61
PRJ0143,Europe,188390,54,46,100,23,Medium,High,93.1,128.6,1222.61,1312.17,False,False,True,13.6,35.6,89.56
PRJ0144,Europe,319314,98,95,193,38,Medium,Low,83.1,99.1,1197.55,1203.11,False,True,False,24.9,16.1,5.57
PRJ0145,Latin America,53291,11,9,20,16,Low,Medium,69.1,76.7,605.33,404.4,True,False,False,4.7,7.6,-200.93
PRJ0146,Latin America,175109,47,15,62,28,Low,High,104.9,105.7,993.01,1065.31,True,False,False,9.1,0.8,72.3
PRJ0147,North America,366365,141,50,191,34,High,High,136.9,132.3,1789.96,1957.26,True,True,False,16.4,-4.6,167.3
PRJ0148,North America,335196,112,73,185,38,Medium,Medium,91.6,98.2,1458.52,1705.38,False,True,False,23.4,6.6,246.86
PRJ0149,Latin America,491812,197,79,276,43,High,Medium,116.2,123.9,1929.18,2272.21,True,True,True,25.9,7.7,343.03
PRJ0150,North America,329160,84,60,144,32,Medium,Medium,87.3,84.2,1252.92,1524.34,True,False,False,18.1,-3.0,271.43
PRJ0151,Latin America,264877,76,44,120,24,Medium,Medium,83.3,109.8,1126.49,1119.78,False,True,True,12.4,26.5,-6.71
PRJ0152,Europe,392644,132,75,207,33,High,Low,79.8,97.1,1259.41,1369.32,True,True,True,20.1,17.2,109.91
PRJ0153,Latin America,456497,161,130,291,45,High,Medium,108.0,129.9,2000.65,2229.78,True,True,False,29.8,21.9,229.13
PRJ0154,Europe,374313,99,69,168,34,Medium,Medium,93.0,103.1,1377.43,1761.79,True,True,True,15.5,10.0,384.35
PRJ0155,Europe,483445,130,34,164,31,High,High,127.3,141.2,1642.01,1946.43,False,True,False,20.2,13.9,304.41
PRJ0156,Asia Pacific,401902,128,34,162,27,High,Low,74.9,98.2,1080.15,1328.41,True,True,False,15.7,23.3,248.26
PRJ0157,North America,440060,122,74,196,30,High,Low,89.0,104.0,1219.2,1334.26,True,True,False,18.3,15.1,115.05
PRJ0158,Asia Pacific,101346,40,20,60,16,Low,Medium,66.2,75.4,810.13,760.89,True,True,False,9.2,9.2,-49.25
PRJ0159,Asia Pacific,379586,146,56,202,29,High,Low,95.3,107.4,1238.37,1458.03,True,True,False,22.3,12.1,219.67
PRJ0160,Latin America,248039,86,41,127,28,Medium,Low,67.6,73.3,927.84,908.54,False,True,False,14.2,5.7,-19.3
PRJ0161,Latin America,298896,65,47,112,29,Medium,Low,72.2,68.0,871.91,947.37,True,False,False,14.3,-4.1,75.46
PRJ0162,Asia Pacific,344346,68,54,122,27,Medium,Low,68.8,60.3,915.55,1016.75,True,True,False,10.7,-8.5,101.2
PRJ0163,Europe,486416,108,62,170,25,High,Low,94.3,107.5,1118.91,1436.79,False,True,True,16.6,13.2,317.88
PRJ0164,Europe,493060,113,52,165,30,High,Low,91.5,108.0,1099.44,1222.93,True,True,False,18.6,16.5,123.49
PRJ0165,Europe,179702,44,16,60,20,Low,Low,63.3,56.3,654.38,468.35,True,True,False,3.0,-7.1,-186.02
PRJ0166,Latin America,380189,84,45,129,34,Medium,Low,71.1,83.0,946.42,1119.86,True,True,True,13.8,12.0,173.45
PRJ0167,Europe,387492,171,70,241,34,High,Low,85.5,101.3,1395.0,1477.34,True,True,True,22.6,15.8,82.34
PRJ0168,North America,205921,76,44,120,25,Medium,Medium,76.9,63.3,1120.59,1203.78,True,False,False,13.6,-13.7,83.19
PRJ0169,Europe,105741,33,21,54,25,Low,Low,64.3,59.0,624.46,654.45,False,False,False,11.2,-5.3,29.99
PRJ0170,North America,68426,23,6,29,19,Low,High,86.3,92.7,782.21,778.4,True,False,False,6.1,6.4,-3.81
PRJ0171,North America,399804,194,48,242,40,High,High,128.6,148.1,2099.98,2334.46,True,True,False,22.5,19.4,234.48
PRJ0172,North America,270364,72,25,97,25,Medium,Low,57.6,54.9,809.63,745.11,False,True,False,14.1,-2.7,-64.52
PRJ0173,Latin America,493493,108,95,203,36,High,Low,83.7,102.1,1251.48,1368.17,True,True,False,20.5,18.4,116.69
PRJ0174,Asia Pacific,259238,68,44,112,28,Medium,Medium,91.1,110.3,1085.92,1244.1,True,True,False,8.7,19.2,158.18
PRJ0175,Asia Pacific,490062,210,70,280,40,High,Medium,123.2,149.6,1949.01,2074.06,False,False,False,32.7,26.4,125.05
PRJ0176,Europe,235209,67,58,125,30,Medium,Medium,92.8,100.6,1148.52,1074.83,True,True,True,14.3,7.8,-73.69
PRJ0177,Asia Pacific,407156,154,79,233,34,High,Medium,96.9,107.8,1705.72,1927.58,True,True,True,25.7,10.8,221.86
PRJ0178,North America,88168,21,10,31,19,Low,Medium,70.4,67.0,663.82,804.92,False,False,False,9.5,-3.4,141.1
PRJ0179,Latin America,299957,66,60,126,28,Medium,Medium,97.0,112.0,1160.0,1258.49,True,False,False,12.2,15.0,98.49
PRJ0180,Asia Pacific,410926,123,34,157,28,High,Low,73.0,88.7,1060.87,1002.05,True,True,False,16.7,15.7,-58.82
PRJ0181,Latin America,466115,176,63,239,38,High,Medium,111.1,134.5,1741.61,1982.85,True,True,False,25.6,23.4,241.24
PRJ0182,North America,420162,128,76,204,33,High,Low,85.6,102.0,1249.61,1234.64,True,False,False,23.9,16.4,-14.97
PRJ0183,Europe,66636,23,8,31,14,Low,Medium,65.3,75.8,661.66,716.16,True,True,False,4.7,10.5,54.5
PRJ0184,Asia Pacific,217716,49,33,82,22,Medium,High,84.7,92.9,1118.13,1101.81,True,False,True,9.9,8.2,-16.31
PRJ0185,Europe,71914,20,7,27,14,Low,Low,52.2,62.4,513.75,421.67,False,True,True,4.6,10.2,-92.08
PRJ0186,Europe,99177,42,12,54,21,Low,Medium,69.2,81.6,779.92,772.81,False,False,True,8.2,12.4,-7.11
PRJ0187,North America,353887,90,31,121,23,Medium,Low,74.8,78.2,912.31,1008.7,True,True,False,8.3,3.4,96.39
PRJ0188,Europe,370966,149,71,220,39,High,Medium,99.6,95.8,1637.1,1715.8,False,True,False,25.7,-3.8,78.7
PRJ0189,North America,398174,104,35,139,25,Medium,Low,77.0,105.4,987.85,1176.5,True,True,False,14.3,28.4,188.65
PRJ0190,Europe,439455,203,63,266,39,High,High,133.2,152.9,2248.73,2374.99,False,True,False,30.7,19.7,126.26
PRJ0191,Asia Pacific,382744,109,92,201,33,High,Low,84.0,81.0,1234.62,1473.93,True,True,False,17.4,-3.0,239.31
PRJ0192,Asia Pacific,410392,105,43,148,33,High,High,118.4,124.7,1537.25,1700.29,True,True,False,16.1,6.4,163.04
PRJ0193,Asia Pacific,72033,28,12,40,19,Low,Medium,65.7,76.1,707.2,664.57,False,True,False,11.1,10.4,-42.63
PRJ0194,Europe,155540,58,15,73,21,Low,Medium,77.1,79.9,880.55,849.25,False,False,False,12.5,2.7,-31.31
PRJ0195,Latin America,329853,105,46,151,31,Medium,Medium,83.4,89.9,1287.99,1239.55,False,True,False,18.0,6.5,-48.44
PRJ0196,North America,436156,168,65,233,31,High,Medium,111.5,141.7,1708.62,1899.66,True,True,False,23.9,30.2,191.05
PRJ0197,Europe,52025,13,7,20,16,Low,High,78.3,69.5,726.24,708.19,False,False,False,11.1,-8.7,-18.05
PRJ0198,North America,281583,75,26,101,31,Medium,Low,70.4,71.6,826.53,681.75,True,True,False,8.1,1.3,-144.78
PRJ0199,Europe,354779,68,58,126,27,Medium,Medium,100.6,114.3,1165.48,1228.07,False,True,False,16.0,13.7,62.59
PRJ0200,Latin America,63323,17,14,31,18,Low,Low,44.1,50.3,529.07,461.78,False,False,False,6.5,6.2,-67.28
PRJ0201,Europe,230610,78,22,100,26,Medium,Medium,72.1,85.1,1023.06,1260.58,False,True,False,11.9,13.0,237.52
PRJ0202,Latin America,453035,186,55,241,41,High,Low,89.6,115.5,1400.24,1397.96,False,True,True,26.0,25.9,-2.29
PRJ0203,Europe,352225,144,44,188,27,Medium,Medium,99.2,114.2,1475.22,1461.85,False,True,False,24.5,15.1,-13.37
PRJ0204,Asia Pacific,156946,56,34,90,18,Low,Medium,79.0,89.8,965.69,1136.49,True,True,False,12.6,10.9,170.79
PRJ0205,Europe,433751,114,35,149,30,High,Low,79.6,91.1,1030.7,1307.16,True,False,True,16.8,11.5,276.46
PRJ0206,Europe,206614,40,32,72,20,Medium,Medium,84.2,91.5,880.66,873.48,False,False,False,11.4,7.4,-7.19
PRJ0207,Latin America,434005,93,69,162,35,High,Medium,108.8,124.3,1353.4,1434.23,True,True,True,20.2,15.5,80.83
PRJ0208,Latin America,184524,45,36,81,22,Low,Medium,82.2,90.7,923.45,1049.29,False,False,False,12.2,8.6,125.84
PRJ0209,Europe,315644,91,50,141,23,Medium,Low,73.3,92.0,989.25,866.98,True,False,False,15.0,18.8,-122.27
PRJ0210,Latin America,228623,50,49,99,21,Medium,Medium,71.1,84.6,1017.86,910.97,False,True,True,8.4,13.5,-106.89
PRJ0211,Europe,173671,60,15,75,14,Low,High,99.2,105.6,1070.84,1102.9,False,False,False,15.3,6.5,32.06
PRJ0212,Asia Pacific,448950,142,66,208,35,High,Low,92.0,99.8,1267.92,1581.82,True,True,False,22.7,7.8,313.9
PRJ0213,Latin America,134417,56,23,79,22,Low,Low,63.5,69.3,726.75,734.86,True,True,False,12.7,5.8,8.11
PRJ0214,Europe,88165,27,25,52,18,Low,Low,51.9,55.0,615.05,659.09,True,True,False,3.0,3.1,44.04
PRJ0215,Asia Pacific,203867,44,25,69,25,Low,Medium,83.8,92.3,865.39,1044.68,True,True,False,9.8,8.5,179.29
PRJ0216,Europe,372937,94,73,167,35,Medium,Low,83.5,118.6,1097.84,1439.11,True,True,False,16.8,35.1,341.28
PRJ0217,North America,413344,106,35,141,28,High,Medium,109.5,117.7,1246.33,1322.57,True,True,False,15.7,8.2,76.23
PRJ0218,North America,499434,145,141,286,37,High,Medium,111.8,135.0,1979.94,2168.44,True,True,True,24.3,23.2,188.5
PRJ0219,Europe,183362,51,27,78,24,Low,Low,62.1,79.1,726.67,972.07,False,True,False,13.7,17.0,245.4
PRJ0220,Latin America,233573,84,44,128,29,Medium,High,108.9,118.6,1396.03,1331.34,False,True,False,17.4,9.7,-64.69
PRJ0221,North America,111569,31,28,59,21,Low,Medium,72.7,100.2,806.16,950.2,False,False,False,10.8,27.5,144.04
PRJ0222,Europe,308692,137,62,199,37,Medium,Low,72.2,80.7,1220.7,1241.87,False,True,False,24.2,8.5,21.17
PRJ0223,Asia Pacific,498911,203,94,297,41,High,Low,96.3,118.8,1627.91,1830.92,True,False,False,30.2,22.5,203.0
PRJ0224,North America,365396,80,47,127,33,Medium,Low,79.3,83.2,937.23,1031.93,False,False,True,15.5,3.9,94.7
PRJ0225,Asia Pacific,317845,122,38,160,28,Medium,Low,76.2,84.2,1065.43,1085.26,True,False,False,17.1,8.0,19.83
PRJ0226,Europe,226566,66,27,93,26,Medium,Low,67.6,77.8,790.13,769.07,False,False,False,10.6,10.2,-21.05
PRJ0227,Latin America,461884,156,54,210,30,High,High,128.6,153.4,1915.43,2105.58,False,False,True,26.7,24.7,190.15
PRJ0228,Asia Pacific,273612,100,30,130,25,Medium,Low,78.5,91.5,941.89,1139.09,False,True,False,18.4,13.0,197.2
PRJ0229,Asia Pacific,110465,26,22,48,24,Low,Low,52.9,69.3,600.84,626.18,False,True,False,6.4,16.4,25.35
PRJ0230,North America,214420,75,45,120,26,Medium,Medium,80.8,87.9,1121.44,1209.42,False,True,True,14.7,7.1,87.98
PRJ0231,Europe,80225,19,7,26,20,Low,Medium,67.8,67.0,638.02,720.8,False,True,True,4.1,-0.8,82.77
PRJ0232,Latin America,140890,35,16,51,20,Low,High,95.0,126.7,922.91,872.11,False,True,False,8.8,31.7,-50.79
PRJ0233,North America,57950,15,7,22,16,Low,Medium,56.8,62.7,615.8,709.09,False,True,False,3.9,5.9,93.29
PRJ0234,Latin America,253975,71,44,115,30,Medium,Low,63.1,64.9,880.32,1051.5,False,False,True,13.7,1.7,171.18
PRJ0235,Europe,335543,102,92,194,33,Medium,Low,69.0,74.9,1202.84,1591.43,True,True,False,21.5,5.9,388.59
PRJ0236,Asia Pacific,204481,37,33,70,16,Medium,High,96.1,93.3,1044.54,1073.24,True,False,False,8.9,-2.8,28.7
PRJ0237,Asia Pacific,239171,81,37,118,24,Medium,Medium,79.2,97.2,1113.92,1154.53,False,True,False,18.8,18.0,40.62
PRJ0238,Europe,481644,214,91,305,47,High,High,137.8,153.3,2487.8,2755.27,True,True,False,30.6,15.4,267.47
PRJ0239,Europe,388383,128,64,192,35,High,Low,84.9,100.2,1199.07,1421.42,True,True,False,17.3,15.3,222.34
PRJ0240,Asia Pacific,293385,68,40,108,21,Medium,High,102.3,111.4,1283.21,1326.69,False,True,False,16.3,9.1,43.49
PRJ0241,North America,178043,49,24,73,20,Low,Medium,79.6,93.0,882.8,903.18,False,False,False,13.6,13.4,20.38
PRJ0242,Asia Pacific,453648,104,68,172,30,High,Low,82.9,89.5,1124.29,1329.61,True,True,False,18.7,6.7,205.32
PRJ0243,North America,155793,37,20,57,19,Low,Medium,79.5,73.8,800.58,769.24,True,False,True,9.1,-5.6,-31.34
PRJ0244,Asia Pacific,196404,77,31,108,21,Medium,Medium,85.0,94.6,1059.64,1092.28,True,True,False,9.5,9.6,32.64
PRJ0245,Asia Pacific,459079,111,48,159,29,High,Low,80.5,101.5,1072.73,1231.01,False,True,True,17.6,20.9,158.28
PRJ0246,North America,288293,92,41,133,26,Medium,Low,71.6,85.2,955.06,1156.56,True,True,False,13.0,13.5,201.5
PRJ0247,Latin America,384043,121,35,156,32,Medium,Medium,105.4,110.4,1318.4,1388.5,True,True,True,12.0,5.0,70.1
PRJ0248,Europe,315835,158,52,210,38,Medium,Low,80.5,100.0,1265.27,1208.45,True,True,False,20.5,19.5,-56.82
PRJ0249,Latin America,344047,68,47,115,26,Medium,Low,67.9,71.6,887.52,806.75,True,True,True,13.2,3.6,-80.77
PRJ0250,North America,184722,66,30,96,23,Medium,Low,67.5,69.0,798.78,740.78,True,True,False,10.1,1.6,-58.0
PRJ0251,North America,158617,73,26,99,25,Low,Low,57.8,54.6,808.69,739.78,False,False,False,12.2,-3.2,-68.91
PRJ0252,Europe,195121,57,32,89,21,Medium,High,106.9,126.8,1157.41,1210.68,False,True,True,7.8,19.9,53.26
PRJ0253,North America,119948,41,29,70,18,Low,Medium,79.9,90.9,861.99,789.11,False,True,False,13.3,10.9,-72.89
PRJ0254,Europe,443441,186,70,256,37,High,Low,90.0,113.0,1459.48,1558.57,True,True,False,25.4,23.0,99.09
PRJ0255,Asia Pacific,177461,40,32,72,20,Low,High,94.8,113.3,1053.3,1036.19,False,True,False,8.9,18.5,-17.1
PRJ0256,North America,302670,76,68,144,25,Medium,High,109.4,148.3,1500.32,1564.33,True,True,False,13.9,38.9,64.01
PRJ0257,Asia Pacific,406388,87,53,140,29,Medium,Low,82.9,79.0,992.51,1256.76,False,True,False,14.0,-3.9,264.25
PRJ0258,North America,402720,122,81,203,37,High,Medium,101.7,109.0,1555.27,1768.05,False,True,True,25.1,7.3,212.77
PRJ0259,North America,247273,75,20,95,19,Medium,Low,69.0,71.1,799.78,884.12,False,True,False,11.7,2.1,84.34
PRJ0260,Asia Pacific,264315,62,58,120,27,Medium,High,111.7,112.5,1351.72,1398.57,False,True,True,16.7,0.8,46.85
PRJ0261,Latin America,497615,136,63,199,34,High,Medium,107.1,113.2,1544.76,1669.84,True,True,False,20.0,6.1,125.07
PRJ0262,North America,353568,77,70,147,30,Medium,Medium,92.6,101.7,1270.36,1424.16,False,True,False,20.6,9.1,153.8
PRJ0263,Europe,416587,118,70,188,33,High,Low,77.4,79.8,1185.33,1389.97,True,False,False,21.3,2.5,204.65
PRJ0264,Latin America,456149,124,31,155,26,High,High,117.5,135.6,1584.74,1641.61,True,True,False,17.2,18.1,56.87
PRJ0265,Latin America,404415,158,42,200,31,High,Low,74.3,89.5,1232.35,1382.25,True,False,False,23.4,15.1,149.9
PRJ0266,Asia Pacific,133330,45,30,75,22,Low,Low,63.6,73.5,710.67,557.95,False,True,False,11.7,9.9,-152.72
PRJ0267,Europe,302976,76,44,120,30,Medium,Low,81.2,96.5,904.24,1027.65,False,True,True,14.7,15.3,123.42
PRJ0268,Europe,95852,27,7,34,11,Low,Medium,78.0,87.1,679.59,787.17,False,False,True,6.9,9.2,107.59
PRJ0269,Asia Pacific,343814,127,93,220,38,High,Low,73.0,82.9,1307.51,1416.1,True,True,False,25.8,9.9,108.59
PRJ0270,Asia Pacific,479907,120,100,220,40,High,High,138.2,176.3,1977.59,2328.54,True,False,False,22.2,38.1,350.95
PRJ0271,Europe,280729,64,34,98,24,Medium,Medium,96.0,107.5,1018.07,1021.45,True,True,False,9.8,11.5,3.38
PRJ0272,North America,244837,62,31,93,25,Medium,Low,65.4,54.9,791.59,894.98,False,True,True,11.3,-10.5,103.39
PRJ0273,North America,66129,18,4,22,15,Low,Low,53.6,45.7,493.29,511.0,True,True,False,3.0,-7.9,17.71
PRJ0274,Latin America,481898,118,91,209,35,High,Low,78.5,77.8,1274.55,1431.6,True,True,False,20.0,-0.7,157.05
PRJ0275,Europe,96351,27,11,38,13,Low,Medium,71.3,74.8,699.64,720.68,False,True,True,6.4,3.4,21.04
PRJ0276,Europe,68485,19,16,35,11,Low,Medium,61.1,62.4,681.85,717.6,False,False,True,7.2,1.3,35.75
PRJ0277,Europe,160729,38,17,55,23,Low,Low,61.5,62.0,632.86,769.77,True,True,False,3.0,0.5,136.91
PRJ0278,Latin America,79488,24,14,38,15,Low,Medium,59.2,82.1,697.95,864.15,True,False,False,5.8,23.0,166.2
PRJ0279,North America,254803,70,27,97,23,Medium,Low,71.0,85.0,808.38,893.18,False,True,False,10.5,14.0,84.8
PRJ0280,North America,282239,101,33,134,24,Medium,Medium,96.4,113.7,1198.22,1380.45,True,True,False,9.9,17.3,182.23
PRJ0281,Europe,190656,46,35,81,18,Low,High,90.0,87.3,1108.88,1104.39,True,False,False,10.4,-2.7,-4.49
PRJ0282,Europe,72932,19,9,28,17,Low,Medium,60.5,52.9,647.29,748.28,False,False,False,8.8,-7.6,100.99
PRJ0283,Asia Pacific,100220,29,15,44,17,Low,Medium,57.5,61.4,730.02,688.7,False,True,False,8.5,3.9,-41.32
PRJ0284,Europe,223026,40,37,77,23,Medium,Medium,80.1,89.1,907.3,1088.85,False,True,False,11.8,9.0,181.55
PRJ0285,Europe,77237,19,17,36,19,Low,Low,51.8,36.0,550.18,798.64,False,False,False,4.7,-15.8,248.46
PRJ0286,Latin America,364185,80,67,147,30,Medium,Low,70.2,80.8,1017.13,1128.5,False,True,True,14.0,10.6,111.37
PRJ0287,North America,143159,53,18,71,22,Low,Low,62.6,67.9,695.45,528.02,False,True,True,13.0,5.3,-167.43
PRJ0288,Asia Pacific,185932,55,33,88,28,Medium,Medium,77.2,81.7,958.59,970.06,False,True,False,9.7,4.5,11.46
PRJ0289,Asia Pacific,227356,57,48,105,22,Medium,Medium,77.7,77.6,1047.74,1251.32,False,True,False,14.7,-0.1,203.58
PRJ0290,Europe,237474,97,43,140,28,Medium,Medium,84.1,87.8,1223.75,1370.47,False,True,False,15.6,3.7,146.72
PRJ0291,Latin America,50747,24,6,30,21,Low,High,86.8,86.9,786.09,830.54,False,True,False,6.2,0.2,44.45
PRJ0292,Europe,100431,23,17,40,22,Low,Low,59.0,63.3,568.03,702.85,False,False,True,6.7,4.3,134.81
PRJ0293,Latin America,438244,116,60,176,28,High,Medium,103.8,124.7,1423.82,1620.76,True,True,False,18.7,20.9,196.93
PRJ0294,Europe,50554,13,7,20,16,Low,Low,55.1,67.6,484.04,622.87,False,False,False,7.3,12.5,138.83
PRJ0295,Asia Pacific,278675,92,90,182,37,Medium,Low,69.2,77.4,1150.29,1353.86,True,False,False,19.3,8.2,203.56
PRJ0296,Asia Pacific,270275,84,51,135,30,Medium,Medium,89.6,94.9,1202.03,1452.27,False,True,True,13.4,5.2,250.24
PRJ0297,Latin America,199892,75,36,111,26,Medium,High,100.2,112.1,1289.99,1401.13,True,False,False,13.6,11.9,111.15
PRJ0298,Europe,244097,63,28,91,23,Medium,Medium,81.5,95.7,979.41,1150.92,False,True,False,9.7,14.2,171.51
PRJ0299,Europe,401261,97,46,143,28,Medium,Low,81.7,90.5,1004.1,1104.89,True,True,False,15.2,8.8,100.79
PRJ0300,North America,428541,176,53,229,38,High,Medium,103.1,126.9,1687.85,1786.87,True,True,False,28.2,23.8,99.02
